<?xml version='1.0' encoding='UTF-8'?>  
<!DOCTYPE hibernate-mapping PUBLIC  
          "-//Hibernate/Hibernate Mapping DTD 3.0//EN"  
          "http://hibernate.sourceforge.net/hibernate-mapping-3.0.dtd">  
  
<hibernate-mapping package="com.kb.model">  
<class name="Employee" table="Employee">  
<id name="id" column="Id">  
<generator class="native"></generator>  
</id>  
<property name="name" column="Name"></property>  
<property name="city" column="City"></property> 
            
<joined-subclass name="PermanentEmployee" table="PermanentEmployee">
<key column="Id"/>
<property name="salary" column="Salary"></property>  
</joined-subclass>
            
<joined-subclass name="ContractEmployee" table="ContractEmployee">
<key column="Id"/>
<property name="hourlyRate" column="HourlyRate"></property>  
</joined-subclass>  

</class>  

</hibernate-mapping>  